<?xml version='1.0' encoding='UTF-8'?>
<?artifactRepository version='1.1.0'?>
<repository name='file:/D:/CTS/Material/Mule/1/workspace/helloworld-connector/target/update-site/ - artifacts' type='org.eclipse.equinox.p2.artifact.repository.simpleRepository' version='1'>
  <properties size='2'>
    <property name='p2.timestamp' value='1506646996792'/>
    <property name='p2.compressed' value='false'/>
  </properties>
  <mappings size='3'>
    <rule filter='(&amp; (classifier=osgi.bundle))' output='${repoUrl}/plugins/${id}_${version}.jar'/>
    <rule filter='(&amp; (classifier=binary))' output='${repoUrl}/binary/${id}_${version}'/>
    <rule filter='(&amp; (classifier=org.eclipse.update.feature))' output='${repoUrl}/features/${id}_${version}.jar'/>
  </mappings>
  <artifacts size='2'>
    <artifact classifier='org.eclipse.update.feature' id='org.mule.tooling.ui.extension.helloworld-connector.3.5.0' version='1.0.0.201709290627'>
      <properties size='4'>
        <property name='artifact.size' value='647'/>
        <property name='download.size' value='647'/>
        <property name='download.md5' value='34a8b942fdd7501dad74b089cd5b9806'/>
        <property name='download.contentType' value='application/zip'/>
      </properties>
    </artifact>
    <artifact classifier='osgi.bundle' id='org.mule.tooling.ui.contribution.helloworld.3.5.0' version='1.0.0.201709290627'>
      <properties size='3'>
        <property name='artifact.size' value='352561'/>
        <property name='download.size' value='352561'/>
        <property name='download.md5' value='01419819dc600fa4b38c6aabe2528d4a'/>
      </properties>
    </artifact>
  </artifacts>
</repository>
